,,New Mexico,"Bernalillo County, New Mexico","Chaves County, New Mexico","Cibola County, New Mexico","Colfax County, New Mexico","Curry County, New Mexico","Doña Ana County, New Mexico","Eddy County, New Mexico","Grant County, New Mexico","Lea County, New Mexico","Lincoln County, New Mexico","Los Alamos County, New Mexico","Luna County, New Mexico","McKinley County, New Mexico","Otero County, New Mexico","Quay County, New Mexico","Rio Arriba County, New Mexico","Roosevelt County, New Mexico","Sandoval County, New Mexico","San Juan County, New Mexico","San Miguel County, New Mexico","Santa Fe County, New Mexico","Sierra County, New Mexico","Socorro County, New Mexico","Taos County, New Mexico","Torrance County, New Mexico","Valencia County, New Mexico"
    Population 16 years and over,    Population 16 years and over,"1,643,708","539,287","50,052","21,252","10,460","38,191","165,664","43,524","23,018","50,611","16,339","14,444","18,554","53,706","51,341","6,731","31,183","15,000","108,945","96,817","23,514","122,691","9,638","13,343","27,286","12,636","59,753"
    Population 16 years and over,      In labor force,58.5%,62.8%,57.0%,53.8%,49.5%,63.8%,59.5%,63.7%,50.4%,60.4%,45.5%,65.7%,48.0%,51.5%,55.9%,46.7%,48.6%,59.5%,59.6%,58.8%,41.5%,60.1%,43.8%,45.8%,55.8%,45.7%,52.6%
    Population 16 years and over,        Civilian labor force,58.0%,62.3%,56.9%,53.8%,49.5%,58.3%,59.0%,63.4%,50.4%,60.4%,45.5%,65.6%,48.0%,51.5%,50.9%,46.7%,48.5%,57.1%,59.4%,58.7%,41.5%,60.1%,43.8%,45.8%,55.8%,45.7%,52.5%
    Population 16 years and over,          Employed,53.5%,58.2%,53.3%,45.2%,44.6%,53.7%,53.5%,60.2%,46.3%,56.7%,43.2%,63.2%,42.6%,43.2%,46.2%,44.8%,44.2%,51.0%,54.7%,53.1%,39.3%,56.8%,38.8%,43.9%,50.4%,42.1%,47.7%
    Population 16 years and over,          Unemployed,4.5%,4.2%,3.6%,8.6%,4.9%,4.6%,5.5%,3.2%,4.1%,3.7%,2.4%,2.5%,5.5%,8.3%,4.7%,1.9%,4.3%,6.1%,4.7%,5.6%,2.2%,3.3%,5.0%,1.9%,5.4%,3.6%,4.7%
    Population 16 years and over,        Armed Forces,0.6%,0.5%,0.1%,0.0%,0.0%,5.6%,0.5%,0.3%,0.1%,0.0%,0.0%,0.1%,0.0%,0.0%,5.0%,0.0%,0.0%,2.3%,0.2%,0.2%,0.0%,0.1%,0.0%,0.0%,0.0%,0.0%,0.2%
    Population 16 years and over,      Not in labor force,41.5%,37.2%,43.0%,46.2%,50.5%,36.2%,40.5%,36.3%,49.6%,39.6%,54.5%,34.3%,52.0%,48.5%,44.1%,53.3%,51.4%,40.5%,40.4%,41.2%,58.5%,39.9%,56.2%,54.2%,44.2%,54.3%,47.4%
    Population 16 years and over,    Civilian labor force,"952,911","336,040","28,457","11,423","5,179","22,254","97,758","27,586","11,590","30,560","7,442","9,476","8,915","27,672","26,137","3,141","15,133","8,566","64,706","56,808","9,750","73,694","4,220","6,112","15,212","5,776","31,348"
    Population 16 years and over,      Unemployment Rate,7.7%,6.7%,6.3%,16.0%,10.0%,7.8%,9.3%,5.1%,8.1%,6.2%,5.2%,3.7%,11.4%,16.1%,9.3%,4.0%,8.9%,10.7%,8.0%,9.6%,5.3%,5.5%,11.4%,4.2%,9.7%,7.8%,9.1%
    Females 16 years and over,    Females 16 years and over,"836,158","277,575","25,337","10,456","5,212","18,281","85,207","21,470","11,897","24,534","8,567","7,174","9,300","28,124","24,873","3,480","15,820","7,622","56,209","49,252","11,833","63,358","4,844","6,310","14,115","6,051","30,087"
    Females 16 years and over,      In labor force,54.2%,58.3%,53.0%,52.9%,49.8%,53.9%,55.5%,54.8%,48.8%,49.3%,37.5%,59.7%,44.1%,50.2%,51.6%,41.5%,49.3%,53.1%,55.4%,53.0%,40.6%,56.6%,43.9%,46.5%,54.6%,42.2%,47.5%
    Females 16 years and over,        Civilian labor force,54.1%,58.2%,53.0%,52.9%,49.8%,52.3%,55.4%,54.8%,48.7%,49.3%,37.5%,59.7%,44.1%,50.2%,49.9%,41.5%,49.3%,52.2%,55.4%,52.8%,40.6%,56.6%,43.9%,46.5%,54.6%,42.2%,47.4%
    Females 16 years and over,          Employed,50.2%,54.4%,49.9%,44.9%,47.4%,47.4%,50.6%,51.8%,45.9%,45.9%,35.8%,57.1%,37.4%,43.6%,45.6%,41.3%,46.4%,47.0%,51.3%,48.6%,39.8%,53.6%,40.0%,45.0%,51.4%,39.2%,43.3%
    Population 16 years and over,    Own children of the householder under 6 years,"152,277","47,616","5,493","2,089",677,"4,821","17,313","4,659","1,933","6,390",968,"1,122","2,073","6,692","5,462",547,"3,150","1,724","9,188","10,493","1,585","7,919",564,759,"1,700",885,"5,002"
    Population 16 years and over,      All parents in family in labor force,60.8%,65.6%,60.3%,76.1%,71.2%,52.6%,59.2%,61.3%,58.3%,48.1%,50.9%,50.0%,59.5%,57.8%,59.8%,61.8%,66.1%,64.3%,57.0%,56.9%,50.7%,62.4%,58.0%,60.5%,65.3%,65.0%,59.4%
    Population 16 years and over,    Own children of the householder 6 to 17 years,"316,223","98,024","11,054","3,752","1,418","7,873","34,043","9,299","3,812","13,442","2,407","2,978","3,694","13,013","8,948","1,114","5,678","2,739","22,984","22,226","3,510","18,937","1,141","2,804","4,031","2,052","12,266"
    Population 16 years and over,      All parents in family in labor force,67.3%,71.7%,63.5%,72.4%,65.9%,63.1%,66.0%,74.7%,68.3%,56.6%,48.6%,70.4%,63.5%,66.3%,60.9%,63.5%,72.1%,72.9%,65.9%,63.0%,56.4%,71.6%,80.9%,70.8%,68.3%,53.6%,58.9%
    Workers 16 years and over,    Workers 16 years and over,"875,493","311,619","26,227","9,349","4,634","22,260","88,718","26,188","10,465","28,393","6,979","9,040","7,739","22,811","25,718","2,985","13,649","7,809","58,457","50,603","9,161","68,945","3,675","5,791","13,344","5,267","28,158"
    Workers 16 years and over,"      Car, truck, or van -- drove alone",80.2%,80.2%,80.9%,69.7%,75.4%,83.6%,81.1%,86.0%,84.0%,84.1%,72.3%,76.5%,79.2%,74.8%,78.5%,75.8%,85.1%,75.5%,81.5%,84.1%,74.1%,78.0%,83.0%,70.7%,69.9%,78.7%,80.7%
    Workers 16 years and over,"      Car, truck, or van -- carpooled",9.8%,9.1%,11.3%,13.3%,15.9%,10.5%,10.4%,9.3%,5.7%,10.9%,14.9%,9.9%,11.6%,9.7%,13.4%,12.8%,7.6%,13.1%,8.8%,10.0%,10.1%,8.9%,8.4%,14.1%,12.3%,4.5%,10.1%
    Workers 16 years and over,      Public transportation (excluding taxicab),1.1%,1.8%,0.9%,0.4%,0.1%,0.1%,0.4%,0.5%,0.4%,0.4%,0.1%,3.3%,0.8%,0.6%,0.6%,0.3%,1.3%,0.2%,1.1%,0.4%,0.6%,1.4%,0.1%,0.5%,0.3%,0.1%,0.9%
    Workers 16 years and over,      Walked,2.1%,1.9%,1.8%,3.1%,3.5%,1.9%,2.2%,1.4%,3.4%,1.5%,3.1%,3.9%,2.3%,3.7%,2.9%,1.7%,0.9%,5.5%,1.5%,1.7%,3.6%,2.3%,3.4%,7.4%,3.5%,1.8%,1.2%
    Workers 16 years and over,      Other means,2.0%,2.5%,1.2%,6.0%,0.5%,2.7%,1.6%,1.0%,1.4%,0.9%,2.1%,3.6%,1.6%,1.6%,1.5%,1.1%,1.2%,3.4%,1.4%,1.2%,2.0%,1.6%,1.6%,5.6%,1.7%,0.5%,2.2%
    Workers 16 years and over,      Worked at home,4.8%,4.4%,3.9%,7.5%,4.6%,1.2%,4.2%,1.8%,5.1%,2.1%,7.6%,2.9%,4.5%,9.5%,3.1%,8.3%,3.9%,2.3%,5.7%,2.7%,9.6%,7.9%,3.6%,1.7%,12.2%,14.4%,5.0%
    Workers 16 years and over,      Mean travel time to work (minutes),21.8,21.9,19.8,23.4,15.6,14.3,20.8,17.7,16.4,20.4,21.1,15.7,17.8,22.1,18.5,15.5,27.2,17.6,28.4,23.9,20.8,22.3,16.7,16.9,20.2,29.6,28.8
    Civilian employed population 16 years and over,    Civilian employed population 16 years and over,"879,201","313,658","26,659","9,600","4,663","20,509","88,633","26,191","10,647","28,672","7,057","9,122","7,895","23,207","23,707","3,015","13,786","7,650","59,556","51,379","9,230","69,630","3,740","5,856","13,739","5,326","28,511"
    Civilian employed population 16 years and over,"      Management, business, science, and arts occupations",35.7%,40.2%,28.3%,28.1%,33.0%,28.5%,32.2%,26.4%,32.3%,25.0%,28.1%,67.7%,21.7%,29.4%,27.5%,33.8%,37.4%,33.5%,39.7%,28.3%,33.6%,44.2%,32.5%,35.7%,34.7%,34.2%,27.6%
    Civilian employed population 16 years and over,      Service occupations,20.8%,19.9%,21.5%,26.9%,24.6%,18.9%,24.3%,17.2%,25.2%,15.2%,25.0%,12.6%,24.1%,25.1%,26.0%,21.7%,25.4%,24.4%,17.8%,19.9%,25.9%,19.3%,21.6%,17.9%,26.9%,20.5%,21.4%
    Civilian employed population 16 years and over,      Sales and office occupations,23.3%,23.9%,23.6%,22.5%,23.8%,20.4%,24.4%,23.4%,20.6%,21.9%,25.8%,13.0%,21.9%,22.0%,24.9%,20.0%,21.7%,19.0%,25.6%,23.4%,23.5%,21.9%,23.7%,21.4%,22.3%,23.4%,23.2%
    Civilian employed population 16 years and over,"      Natural resources, construction, and maintenance occupations",11.0%,8.3%,14.3%,12.1%,12.6%,17.2%,10.6%,18.8%,16.2%,20.1%,11.4%,4.2%,15.6%,9.7%,15.5%,13.1%,8.4%,12.1%,9.4%,15.9%,10.8%,8.0%,11.9%,11.3%,11.0%,13.0%,15.8%
    Civilian employed population 16 years and over,"      Production, transportation, and material moving occupations",9.1%,7.7%,12.3%,10.4%,5.9%,15.0%,8.5%,14.2%,5.8%,17.7%,9.8%,2.5%,16.7%,13.8%,6.2%,11.3%,7.0%,11.1%,7.5%,12.5%,6.2%,6.7%,10.2%,13.7%,5.1%,8.9%,12.0%
    Civilian employed population 16 years and over,    Civilian employed population 16 years and over,"879,201","313,658","26,659","9,600","4,663","20,509","88,633","26,191","10,647","28,672","7,057","9,122","7,895","23,207","23,707","3,015","13,786","7,650","59,556","51,379","9,230","69,630","3,740","5,856","13,739","5,326","28,511"
    Civilian employed population 16 years and over,"      Agriculture, forestry, fishing and hunting, and mining",4.0%,0.8%,9.4%,6.8%,5.9%,5.9%,2.9%,17.6%,13.1%,18.9%,6.2%,0.4%,7.9%,2.7%,2.6%,6.6%,2.4%,9.2%,1.3%,11.5%,2.3%,1.2%,5.0%,3.6%,3.4%,6.5%,2.5%
    Civilian employed population 16 years and over,      Construction,6.8%,6.4%,5.6%,6.0%,7.4%,6.9%,6.6%,7.8%,6.3%,8.3%,9.2%,1.1%,7.3%,5.1%,8.2%,7.1%,6.1%,6.3%,7.0%,7.9%,8.0%,6.5%,9.2%,4.2%,8.4%,7.9%,11.4%
    Civilian employed population 16 years and over,      Manufacturing,4.3%,4.7%,5.2%,4.7%,3.2%,6.7%,4.1%,4.2%,1.3%,3.2%,3.3%,1.3%,11.0%,6.4%,2.0%,3.7%,2.5%,3.7%,6.4%,3.4%,1.4%,2.8%,2.3%,5.5%,2.4%,2.1%,4.8%
    Civilian employed population 16 years and over,      Wholesale trade,2.0%,2.2%,2.2%,0.4%,2.2%,1.8%,1.8%,2.7%,1.6%,5.4%,0.7%,0.4%,1.3%,1.5%,1.0%,2.9%,0.6%,1.0%,2.3%,2.3%,1.3%,1.1%,0.8%,1.1%,0.6%,1.7%,2.0%
    Civilian employed population 16 years and over,      Retail trade,11.4%,11.2%,12.6%,10.6%,11.5%,12.3%,10.6%,12.1%,11.1%,10.1%,10.0%,4.7%,14.9%,10.7%,12.9%,11.7%,9.0%,10.7%,12.3%,12.2%,10.0%,11.9%,12.1%,7.5%,16.0%,13.0%,12.2%
    Civilian employed population 16 years and over,"      Transportation and warehousing, and utilities",4.4%,3.4%,7.3%,4.3%,4.4%,7.3%,4.2%,7.6%,2.9%,7.5%,4.5%,1.4%,5.6%,4.1%,3.7%,5.7%,3.0%,5.6%,4.4%,7.4%,2.4%,2.9%,6.0%,4.2%,2.7%,4.7%,6.2%
    Civilian employed population 16 years and over,      Information,1.6%,2.1%,0.7%,1.3%,0.9%,1.5%,1.7%,1.2%,0.8%,1.2%,2.3%,0.7%,0.4%,1.2%,1.4%,0.2%,0.6%,0.9%,1.7%,1.0%,1.0%,1.7%,0.9%,0.8%,1.9%,0.7%,1.0%
    Civilian employed population 16 years and over,"      Finance and insurance, and real estate and rental and leasing",4.7%,5.3%,4.4%,2.2%,5.4%,4.2%,3.7%,3.5%,3.9%,3.6%,4.8%,3.6%,1.6%,2.8%,4.4%,7.9%,4.4%,3.2%,6.6%,3.5%,4.5%,5.7%,5.0%,1.9%,4.6%,3.5%,5.8%
    Civilian employed population 16 years and over,"      Professional, scientific, and management, and administrative and waste management services",11.4%,14.5%,5.8%,4.3%,6.8%,5.9%,10.4%,6.1%,5.5%,6.7%,7.6%,55.7%,5.9%,6.8%,8.4%,4.7%,16.7%,5.7%,10.5%,6.0%,7.4%,14.8%,5.2%,7.3%,9.4%,9.3%,8.4%
    Civilian employed population 16 years and over,"      Educational services, and health care and social assistance",25.3%,26.0%,25.4%,28.1%,23.3%,21.9%,28.7%,17.7%,30.8%,17.8%,16.6%,16.7%,22.7%,33.8%,23.7%,24.7%,24.4%,32.6%,25.1%,24.1%,35.9%,21.6%,33.9%,45.9%,21.6%,27.8%,23.3%
    Civilian employed population 16 years and over,"      Arts, entertainment, and recreation, and accommodation and food services",11.4%,11.3%,10.0%,16.1%,20.3%,8.3%,12.0%,7.6%,13.1%,8.7%,24.6%,6.0%,8.9%,10.6%,13.5%,14.0%,12.4%,12.7%,10.1%,10.2%,9.1%,14.3%,8.4%,8.6%,18.1%,8.0%,9.9%
    Civilian employed population 16 years and over,"      Other services, except public administration",5.1%,5.7%,5.4%,3.9%,3.2%,5.1%,4.9%,4.9%,4.8%,4.7%,5.0%,3.9%,4.6%,3.3%,4.3%,4.1%,5.0%,2.8%,4.4%,5.4%,3.1%,5.8%,2.8%,2.4%,4.5%,5.9%,4.6%
    Civilian employed population 16 years and over,      Public administration,7.6%,6.3%,5.9%,11.1%,5.5%,12.1%,8.4%,6.9%,4.9%,4.0%,5.1%,4.1%,8.0%,10.9%,13.9%,6.6%,12.8%,5.6%,7.9%,5.2%,13.7%,9.7%,8.6%,6.7%,6.4%,8.9%,8.0%
    Civilian employed population 16 years and over,    Civilian employed population 16 years and over,"879,201","313,658","26,659","9,600","4,663","20,509","88,633","26,191","10,647","28,672","7,057","9,122","7,895","23,207","23,707","3,015","13,786","7,650","59,556","51,379","9,230","69,630","3,740","5,856","13,739","5,326","28,511"
    Civilian employed population 16 years and over,      Private wage and salary workers,71.1%,74.3%,72.4%,63.7%,71.0%,70.3%,70.5%,78.0%,68.0%,79.2%,63.4%,61.6%,73.0%,56.9%,64.3%,70.1%,56.1%,64.9%,72.2%,75.9%,56.2%,66.9%,58.8%,60.9%,65.2%,66.7%,71.4%
    Civilian employed population 16 years and over,      Government workers,22.1%,19.8%,20.9%,28.9%,20.5%,24.8%,22.9%,16.5%,25.7%,15.4%,21.4%,34.3%,19.3%,35.7%,29.0%,22.1%,37.4%,27.8%,21.6%,19.6%,35.7%,21.3%,33.3%,34.5%,18.8%,24.4%,21.1%
    Civilian employed population 16 years and over,      Self-employed in own not incorporated business workers,6.6%,5.7%,6.5%,7.2%,8.0%,4.8%,6.5%,5.4%,5.7%,5.4%,14.3%,3.8%,7.6%,7.4%,6.2%,7.0%,6.5%,6.8%,6.1%,4.2%,7.6%,11.5%,7.9%,4.6%,15.8%,8.9%,6.9%
    Civilian employed population 16 years and over,      Unpaid family workers,0.2%,0.2%,0.1%,0.2%,0.5%,0.1%,0.1%,0.0%,0.7%,0.1%,0.9%,0.3%,0.0%,0.0%,0.6%,0.8%,0.1%,0.4%,0.1%,0.3%,0.5%,0.3%,0.0%,0.0%,0.2%,0.0%,0.5%
INCOME AND BENEFITS (IN 2017 INFLATION-ADJUSTED DOLLARS),    Total households,"770,435","263,551","23,343","9,068","5,591","18,470","76,740","21,273","11,879","22,029","7,902","7,525","9,088","19,764","23,657","3,085","12,852","7,125","49,265","41,999","11,041","61,651","5,400","4,698","12,603","5,598","26,985"
INCOME AND BENEFITS (IN 2017 INFLATION-ADJUSTED DOLLARS),"      Less than $10,000",9.5%,8.2%,9.8%,11.4%,12.8%,9.8%,10.8%,6.3%,9.8%,6.6%,7.9%,3.4%,18.1%,20.9%,9.5%,6.7%,19.0%,14.5%,7.4%,9.0%,19.6%,6.5%,13.7%,15.1%,12.9%,13.4%,9.4%
INCOME AND BENEFITS (IN 2017 INFLATION-ADJUSTED DOLLARS),"      $10,000 to $14,999",6.2%,5.5%,6.8%,9.5%,12.6%,6.7%,7.7%,3.1%,6.5%,5.8%,7.5%,2.7%,8.9%,8.8%,6.1%,11.2%,8.0%,7.7%,3.7%,6.2%,10.8%,4.3%,9.7%,6.4%,10.8%,10.0%,6.3%
INCOME AND BENEFITS (IN 2017 INFLATION-ADJUSTED DOLLARS),"      $15,000 to $24,999",12.4%,11.7%,13.7%,15.1%,14.4%,12.4%,15.5%,11.2%,15.6%,9.4%,14.0%,2.9%,18.0%,13.8%,14.0%,24.6%,13.5%,16.0%,9.0%,10.8%,14.9%,9.7%,14.8%,15.1%,11.7%,16.4%,14.0%
INCOME AND BENEFITS (IN 2017 INFLATION-ADJUSTED DOLLARS),"      $25,000 to $34,999",10.8%,10.5%,12.4%,12.2%,11.8%,13.4%,11.9%,8.1%,12.3%,7.5%,12.7%,3.5%,14.2%,12.2%,11.7%,18.6%,11.2%,10.3%,8.0%,10.4%,12.7%,10.3%,18.0%,14.8%,14.2%,9.3%,11.0%
INCOME AND BENEFITS (IN 2017 INFLATION-ADJUSTED DOLLARS),"      $35,000 to $49,999",14.0%,13.8%,15.2%,14.3%,13.8%,15.5%,14.6%,14.5%,15.7%,12.3%,14.7%,7.0%,12.5%,10.6%,16.7%,12.0%,14.1%,15.1%,13.5%,13.9%,13.8%,12.6%,16.0%,15.3%,15.5%,15.2%,16.1%
INCOME AND BENEFITS (IN 2017 INFLATION-ADJUSTED DOLLARS),"      $50,000 to $74,999",17.3%,17.4%,16.6%,16.9%,14.9%,17.0%,15.6%,18.5%,16.0%,21.3%,17.3%,11.6%,15.4%,15.3%,19.5%,10.7%,13.8%,14.6%,20.0%,17.6%,14.9%,19.0%,14.2%,12.5%,13.7%,17.7%,18.0%
INCOME AND BENEFITS (IN 2017 INFLATION-ADJUSTED DOLLARS),"      $75,000 to $99,999",11.2%,11.9%,11.6%,10.6%,10.8%,11.5%,8.9%,14.4%,11.5%,13.8%,8.9%,15.3%,4.6%,7.6%,11.3%,6.9%,7.3%,10.4%,13.9%,13.4%,6.0%,11.4%,5.9%,9.6%,7.5%,8.1%,11.2%
INCOME AND BENEFITS (IN 2017 INFLATION-ADJUSTED DOLLARS),"      $100,000 to $149,999",11.4%,12.3%,9.9%,7.0%,5.6%,9.2%,9.3%,15.0%,9.2%,14.7%,11.3%,24.5%,6.1%,7.5%,8.4%,5.5%,8.1%,8.8%,14.5%,12.2%,5.6%,13.7%,5.4%,7.3%,7.7%,6.8%,10.6%
INCOME AND BENEFITS (IN 2017 INFLATION-ADJUSTED DOLLARS),"      $150,000 to $199,999",4.0%,4.6%,1.9%,2.3%,3.0%,2.7%,3.3%,4.6%,2.0%,4.3%,2.1%,15.3%,1.2%,2.0%,1.8%,3.3%,3.3%,1.4%,6.1%,4.3%,0.9%,5.6%,0.8%,2.6%,4.2%,2.0%,2.3%
INCOME AND BENEFITS (IN 2017 INFLATION-ADJUSTED DOLLARS),"      $200,000 or more",3.4%,4.1%,2.2%,0.5%,0.4%,1.7%,2.6%,4.3%,1.5%,4.4%,3.4%,13.9%,1.0%,1.3%,1.0%,0.6%,1.7%,1.2%,3.9%,2.3%,0.9%,6.7%,1.4%,1.1%,1.8%,1.2%,1.3%
INCOME AND BENEFITS (IN 2017 INFLATION-ADJUSTED DOLLARS),      Median household income (dollars),"46,718","50,386","42,177","36,089","33,042","41,941","39,114","60,703","40,470","59,285","42,145","110,190","27,602","30,336","43,533","26,663","33,422","35,928","60,345","49,686","29,168","57,945","29,690","34,008","35,314","35,543","43,428"
INCOME AND BENEFITS (IN 2017 INFLATION-ADJUSTED DOLLARS),      Mean household income (dollars),"64,625","69,180","56,718","47,691","46,296","57,734","57,160","73,566","54,865","74,244","62,393","123,134","40,156","45,227","54,992","42,791","48,652","49,966","74,264","64,648","41,384","82,037","46,607","47,599","51,856","47,010","54,477"
INCOME AND BENEFITS (IN 2017 INFLATION-ADJUSTED DOLLARS),      With earnings,73.5%,76.2%,74.4%,70.7%,61.6%,78.0%,75.0%,80.0%,63.8%,81.9%,62.5%,79.2%,64.0%,68.1%,72.7%,52.2%,56.3%,76.0%,75.6%,77.7%,56.0%,74.1%,51.0%,54.9%,67.6%,57.2%,69.9%
INCOME AND BENEFITS (IN 2017 INFLATION-ADJUSTED DOLLARS),        Mean earnings (dollars),"64,759","69,040","57,188","48,610","45,841","57,079","54,858","74,648","52,875","77,185","51,963","121,206","40,234","50,122","51,527","46,680","60,172","49,773","74,538","66,561","44,713","75,040","46,421","52,828","50,211","53,550","53,496"
INCOME AND BENEFITS (IN 2017 INFLATION-ADJUSTED DOLLARS),      With Social Security,32.7%,29.6%,33.9%,36.7%,49.5%,27.6%,30.9%,31.0%,45.9%,25.8%,46.1%,24.5%,39.4%,28.8%,35.0%,54.1%,35.6%,31.5%,32.3%,31.2%,41.7%,35.3%,58.6%,39.0%,39.5%,46.6%,37.0%
INCOME AND BENEFITS (IN 2017 INFLATION-ADJUSTED DOLLARS),        Mean Social Security income (dollars),"17,596","18,047","16,200","16,519","17,288","16,707","16,845","17,815","18,152","17,988","19,651","20,424","15,919","13,827","16,350","16,241","18,357","15,657","19,149","17,358","14,608","19,169","16,570","16,639","15,644","17,586","17,635"
INCOME AND BENEFITS (IN 2017 INFLATION-ADJUSTED DOLLARS),      With retirement income,20.5%,19.6%,19.5%,22.1%,25.0%,15.1%,20.6%,15.9%,32.1%,10.3%,27.1%,26.1%,20.7%,17.4%,26.2%,30.0%,17.9%,15.8%,22.4%,16.9%,25.7%,23.8%,25.9%,22.7%,18.6%,24.9%,23.3%
INCOME AND BENEFITS (IN 2017 INFLATION-ADJUSTED DOLLARS),        Mean retirement income (dollars),"28,034","29,280","19,976","20,538","20,884","25,410","30,289","21,847","21,071","20,767","24,685","58,541","18,800","19,601","31,318","19,519","24,916","22,723","29,599","20,277","24,836","36,373","30,730","27,259","22,217","19,020","26,829"
INCOME AND BENEFITS (IN 2017 INFLATION-ADJUSTED DOLLARS),      With Supplemental Security Income,6.2%,5.5%,8.4%,7.2%,8.6%,5.5%,6.2%,4.1%,7.2%,4.6%,5.2%,1.7%,12.3%,14.9%,5.8%,7.4%,5.2%,5.7%,4.2%,7.5%,10.2%,3.4%,9.0%,16.8%,8.6%,9.2%,9.2%
INCOME AND BENEFITS (IN 2017 INFLATION-ADJUSTED DOLLARS),        Mean Supplemental Security Income (dollars),"9,407","9,817","9,460","8,917","8,057","9,591","8,954","8,307","9,859","11,308","10,761","7,008","8,803","7,990","9,754","10,226","10,185","9,308","10,044","8,617","9,623","9,456","9,511","8,288","8,980","8,840","9,711"
INCOME AND BENEFITS (IN 2017 INFLATION-ADJUSTED DOLLARS),      With cash public assistance income,2.8%,2.5%,3.5%,4.0%,1.4%,2.5%,5.0%,1.3%,2.0%,1.1%,2.2%,0.1%,3.0%,4.9%,3.9%,7.3%,2.6%,2.1%,2.2%,2.9%,2.7%,1.6%,3.7%,3.2%,1.8%,1.9%,3.6%
INCOME AND BENEFITS (IN 2017 INFLATION-ADJUSTED DOLLARS),        Mean cash public assistance income (dollars),"3,001","3,092","2,877","3,763","1,315","3,177","2,685","3,017","2,877","2,005","2,068",N,"1,605","3,400","3,280","2,048","2,031","2,707","3,508","3,674","1,693","3,134","1,920","2,241","2,996","4,892","2,955"
INCOME AND BENEFITS (IN 2017 INFLATION-ADJUSTED DOLLARS),      With Food Stamp/SNAP benefits in the past 12 months,17.0%,15.3%,20.9%,29.1%,20.9%,17.8%,23.3%,14.6%,19.8%,14.2%,14.6%,1.5%,28.7%,25.7%,16.8%,15.8%,15.9%,21.4%,11.4%,17.4%,26.8%,10.0%,23.8%,17.2%,19.4%,22.4%,21.9%
INCOME AND BENEFITS (IN 2017 INFLATION-ADJUSTED DOLLARS),    Families,"491,535","159,035","16,125","6,142","3,185","12,116","52,433","15,027","7,255","16,410","4,999","4,969","5,349","13,710","14,997","1,592","7,626","4,337","34,569","29,653","5,693","36,733","2,784","2,528","7,221","3,498","18,781"
INCOME AND BENEFITS (IN 2017 INFLATION-ADJUSTED DOLLARS),"      Less than $10,000",6.3%,5.3%,7.1%,9.4%,4.4%,8.6%,7.9%,4.7%,6.1%,4.4%,6.5%,0.9%,11.9%,15.9%,6.7%,6.2%,12.1%,10.6%,4.8%,6.6%,10.7%,3.7%,4.4%,8.8%,6.2%,9.1%,6.7%
INCOME AND BENEFITS (IN 2017 INFLATION-ADJUSTED DOLLARS),"      $10,000 to $14,999",3.9%,3.2%,4.1%,8.4%,8.0%,4.8%,5.7%,2.2%,5.4%,3.5%,2.4%,2.0%,7.9%,6.5%,4.1%,6.7%,3.8%,5.2%,1.7%,4.2%,5.2%,2.7%,4.5%,2.0%,6.4%,4.9%,4.2%
INCOME AND BENEFITS (IN 2017 INFLATION-ADJUSTED DOLLARS),"      $15,000 to $24,999",10.1%,9.3%,11.2%,11.3%,13.3%,10.0%,13.4%,8.4%,11.7%,8.1%,9.5%,1.2%,14.5%,13.3%,10.6%,14.0%,12.2%,10.5%,7.2%,8.9%,16.1%,8.3%,14.1%,10.1%,8.9%,10.6%,11.8%
INCOME AND BENEFITS (IN 2017 INFLATION-ADJUSTED DOLLARS),"      $25,000 to $34,999",9.9%,8.9%,12.0%,10.5%,12.1%,12.8%,11.2%,7.5%,10.1%,7.7%,12.6%,1.7%,14.9%,12.5%,10.3%,18.0%,10.8%,11.0%,7.1%,9.7%,13.2%,8.9%,18.4%,20.4%,16.5%,9.5%,10.0%
INCOME AND BENEFITS (IN 2017 INFLATION-ADJUSTED DOLLARS),"      $35,000 to $49,999",13.5%,12.5%,14.7%,14.8%,17.0%,15.3%,14.5%,14.6%,16.1%,11.2%,13.1%,5.5%,14.6%,11.8%,15.6%,13.3%,16.1%,17.6%,11.9%,13.7%,13.5%,11.7%,22.5%,16.3%,16.4%,16.0%,16.7%
INCOME AND BENEFITS (IN 2017 INFLATION-ADJUSTED DOLLARS),"      $50,000 to $74,999",18.9%,18.0%,18.4%,20.6%,17.8%,18.7%,17.7%,20.3%,19.3%,23.5%,22.8%,9.8%,18.7%,18.2%,22.6%,13.2%,16.0%,16.8%,21.2%,19.2%,21.4%,18.8%,15.7%,14.8%,17.5%,24.0%,19.5%
INCOME AND BENEFITS (IN 2017 INFLATION-ADJUSTED DOLLARS),"      $75,000 to $99,999",13.3%,14.4%,14.0%,13.0%,15.0%,13.0%,10.8%,14.1%,13.6%,14.9%,11.5%,13.7%,6.0%,9.2%,14.6%,11.9%,10.8%,12.6%,15.8%,15.2%,9.0%,12.8%,8.2%,13.0%,9.9%,11.6%,13.2%
INCOME AND BENEFITS (IN 2017 INFLATION-ADJUSTED DOLLARS),"      $100,000 to $149,999",14.3%,16.0%,13.2%,8.7%,7.6%,11.5%,10.9%,16.9%,12.7%,16.3%,16.6%,25.2%,8.8%,9.2%,11.4%,9.9%,10.9%,11.9%,17.4%,14.8%,9.0%,16.6%,9.3%,9.1%,9.9%,10.3%,13.4%
INCOME AND BENEFITS (IN 2017 INFLATION-ADJUSTED DOLLARS),"      $150,000 to $199,999",5.4%,6.4%,2.4%,2.9%,4.2%,3.6%,4.3%,5.8%,3.1%,5.0%,2.7%,20.7%,1.3%,2.2%,2.6%,5.8%,5.0%,2.1%,7.7%,5.2%,0.9%,7.5%,1.2%,3.6%,5.3%,3.2%,3.0%
INCOME AND BENEFITS (IN 2017 INFLATION-ADJUSTED DOLLARS),"      $200,000 or more",4.5%,5.9%,2.9%,0.5%,0.7%,1.8%,3.5%,5.5%,2.0%,5.3%,2.3%,19.3%,1.3%,1.3%,1.4%,1.1%,2.3%,1.6%,5.1%,2.7%,1.0%,9.0%,1.8%,1.9%,2.9%,0.7%,1.5%
INCOME AND BENEFITS (IN 2017 INFLATION-ADJUSTED DOLLARS),      Median family income (dollars),"57,436","64,060","50,673","45,667","46,817","48,707","46,567","66,538","50,621","65,120","56,518","133,523","36,007","36,537","52,040","39,087","45,349","44,263","70,381","58,326","40,559","68,940","40,833","44,145","45,990","49,514","50,513"
INCOME AND BENEFITS (IN 2017 INFLATION-ADJUSTED DOLLARS),      Mean family income (dollars),"75,588","83,135","65,727","54,216","57,421","65,179","65,726","81,062","65,199","80,869","70,024","146,406","47,553","50,513","65,532","57,285","60,528","57,756","84,825","71,512","50,111","96,507","55,885","58,196","63,232","57,308","61,969"
INCOME AND BENEFITS (IN 2017 INFLATION-ADJUSTED DOLLARS),      Per capita income (dollars),"25,257","28,340","21,177","17,768","21,785","22,628","21,050","28,419","23,898","24,507","26,820","52,125","16,622","14,077","21,876","18,220","19,602","18,954","27,406","22,665","18,012","35,801","22,749","17,017","23,229","19,129","20,572"
INCOME AND BENEFITS (IN 2017 INFLATION-ADJUSTED DOLLARS),    Nonfamily households,"278,900","104,516","7,218","2,926","2,406","6,354","24,307","6,246","4,624","5,619","2,903","2,556","3,739","6,054","8,660","1,493","5,226","2,788","14,696","12,346","5,348","24,918","2,616","2,170","5,382","2,100","8,204"
INCOME AND BENEFITS (IN 2017 INFLATION-ADJUSTED DOLLARS),      Median nonfamily income (dollars),"28,904","32,367","21,973","21,736","20,136","27,407","23,550","35,512","26,396","35,558","25,610","73,700","21,215","14,486","27,317","19,970","17,748","20,279","36,784","28,911","16,389","40,749","19,140","21,174","20,504","18,238","25,349"
INCOME AND BENEFITS (IN 2017 INFLATION-ADJUSTED DOLLARS),      Mean nonfamily income (dollars),"42,306","44,939","32,861","30,901","29,859","39,090","36,469","48,883","37,266","49,190","48,032","77,259","29,068","29,475","34,944","25,682","29,727","35,962","45,868","43,776","30,069","57,028","33,953","32,436","34,700","28,563","34,990"
INCOME AND BENEFITS (IN 2017 INFLATION-ADJUSTED DOLLARS),      Median earnings for workers (dollars),"27,254","30,119","25,902","21,797","20,713","25,294","20,219","35,563","24,640","34,584","24,172","64,186","16,238","21,435","22,461","19,003","29,700","20,303","32,904","27,392","23,543","31,832","18,975","19,432","23,101","26,012","26,703"
INCOME AND BENEFITS (IN 2017 INFLATION-ADJUSTED DOLLARS),"      Median earnings for male full-time, year-round workers (dollars)","43,549","45,316","40,566","35,731","44,688","35,900","35,086","60,145","45,874","56,768","40,434","99,770","36,287","34,872","37,431","34,531","39,622","34,127","50,949","48,914","35,421","45,414","27,049","26,372","39,494","40,585","41,777"
INCOME AND BENEFITS (IN 2017 INFLATION-ADJUSTED DOLLARS),"      Median earnings for female full-time, year-round workers (dollars)","35,546","38,224","33,109","27,810","29,337","28,853","31,124","36,103","34,970","33,190","32,539","73,514","24,828","30,819","28,888","28,578","36,472","27,706","40,464","32,350","30,974","42,028","26,993","26,455","34,707","41,023","33,586"
HEALTH INSURANCE COVERAGE,    Civilian noninstitutionalized population,"2,050,101","667,841","64,465","25,336","12,012","47,717","210,417","56,148","27,951","67,623","19,346","17,947","23,948","72,505","59,882","8,404","39,215","18,717","137,964","126,898","27,631","145,821","11,005","17,002","32,624","14,921","74,349"
HEALTH INSURANCE COVERAGE,      With health insurance coverage,87.5%,89.2%,86.5%,85.3%,90.4%,85.9%,86.7%,88.3%,95.3%,84.1%,88.4%,95.7%,85.6%,76.0%,88.1%,93.8%,86.2%,85.9%,89.2%,83.1%,88.0%,86.7%,92.4%,87.5%,88.1%,91.2%,89.6%
HEALTH INSURANCE COVERAGE,        With private health insurance,54.7%,59.5%,49.2%,38.8%,54.4%,54.0%,49.2%,60.8%,57.6%,56.5%,55.5%,90.7%,36.6%,26.0%,54.4%,50.0%,48.7%,53.6%,63.5%,49.5%,46.6%,60.8%,50.7%,52.8%,45.1%,45.6%,51.8%
HEALTH INSURANCE COVERAGE,        With public coverage,44.9%,40.8%,48.9%,58.6%,57.7%,43.8%,49.3%,38.8%,55.8%,36.5%,54.7%,20.4%,61.3%,55.9%,49.6%,62.0%,49.1%,45.1%,38.4%,43.5%,55.1%,40.8%,65.4%,47.4%,58.0%,56.9%,51.3%
HEALTH INSURANCE COVERAGE,      No health insurance coverage,12.5%,10.8%,13.5%,14.7%,9.6%,14.1%,13.3%,11.7%,4.7%,15.9%,11.6%,4.3%,14.4%,24.0%,11.9%,6.2%,13.8%,14.1%,10.8%,16.9%,12.0%,13.3%,7.6%,12.5%,11.9%,8.8%,10.4%
HEALTH INSURANCE COVERAGE,      Civilian noninstitutionalized population under 19 years,"526,001","161,139","18,875","6,874","2,491","14,180","58,262","15,623","6,246","21,861","3,744","4,463","6,641","22,596","16,146","1,990","10,026","5,244","35,725","36,724","6,367","29,967","1,926","4,211","6,481","3,449","19,794"
HEALTH INSURANCE COVERAGE,        No health insurance coverage,6.6%,4.7%,7.1%,5.2%,6.7%,6.5%,6.2%,8.6%,1.6%,9.7%,11.2%,2.1%,3.6%,13.5%,6.3%,0.4%,9.0%,6.7%,6.7%,9.3%,7.4%,8.3%,1.8%,13.9%,4.0%,2.2%,4.4%
HEALTH INSURANCE COVERAGE,      Civilian noninstitutionalized population 19 to 64 years,"1,200,674","409,129","35,926","14,643","6,492","27,783","121,754","32,688","14,974","38,400","10,366","10,436","12,411","41,960","33,403","4,390","22,415","11,019","80,627","73,690","16,003","85,391","5,380","9,809","18,675","8,491","42,568"
HEALTH INSURANCE COVERAGE,        In labor force:,"873,622","311,419","25,640","10,201","4,531","20,644","90,107","25,550","10,317","28,247","6,610","8,388","8,026","25,961","24,008","2,783","13,894","7,726","59,058","52,681","8,935","65,335","3,669","5,692","13,226","5,309","28,531"
HEALTH INSURANCE COVERAGE,          Employed:,"808,920","291,749","24,141","8,630","4,064","19,063","81,987","24,331","9,489","26,629","6,279","8,110","7,166","21,773","21,744","2,725","12,779","7,047","54,815","47,814","8,449","61,883","3,272","5,461","11,833","4,873","26,036"
HEALTH INSURANCE COVERAGE,            With health insurance coverage,83.2%,85.1%,81.1%,80.7%,85.4%,79.4%,81.1%,84.8%,92.5%,82.2%,80.1%,95.1%,75.6%,69.7%,82.4%,86.5%,82.4%,81.1%,87.3%,78.4%,83.9%,81.7%,87.6%,84.6%,79.3%,84.0%,85.1%
HEALTH INSURANCE COVERAGE,              With private health insurance,70.0%,73.6%,64.6%,56.4%,66.7%,66.2%,62.2%,75.5%,72.6%,73.3%,59.6%,93.1%,53.3%,44.1%,63.9%,67.3%,69.4%,65.6%,79.2%,66.4%,65.7%,73.1%,68.8%,77.3%,59.7%,63.5%,70.6%
HEALTH INSURANCE COVERAGE,              With public coverage,16.8%,14.7%,20.1%,31.0%,22.2%,18.2%,22.8%,11.5%,24.4%,11.2%,24.8%,3.4%,25.4%,30.1%,23.6%,22.3%,16.4%,20.4%,12.6%,15.9%,22.4%,11.0%,23.9%,10.1%,23.2%,23.0%,19.3%
HEALTH INSURANCE COVERAGE,            No health insurance coverage,16.8%,14.9%,18.9%,19.3%,14.6%,20.6%,18.9%,15.2%,7.5%,17.8%,19.9%,4.9%,24.4%,30.3%,17.6%,13.5%,17.6%,18.9%,12.7%,21.6%,16.1%,18.3%,12.4%,15.4%,20.7%,16.0%,14.9%
HEALTH INSURANCE COVERAGE,          Unemployed:,"64,702","19,670","1,499","1,571",467,"1,581","8,120","1,219",828,"1,618",331,278,860,"4,188","2,264",58,"1,115",679,"4,243","4,867",486,"3,452",397,231,"1,393",436,"2,495"
HEALTH INSURANCE COVERAGE,            With health insurance coverage,66.6%,70.3%,64.6%,63.1%,67.5%,75.7%,66.7%,62.3%,88.9%,47.0%,52.9%,60.8%,66.0%,60.5%,60.6%,12.1%,66.0%,65.5%,66.6%,59.8%,75.9%,66.9%,73.8%,84.0%,67.6%,73.4%,66.9%
HEALTH INSURANCE COVERAGE,              With private health insurance,26.0%,29.3%,19.2%,8.7%,18.0%,34.0%,31.0%,26.9%,19.2%,20.7%,2.1%,38.1%,9.0%,11.8%,28.0%,12.1%,22.9%,41.8%,32.6%,21.7%,20.8%,34.7%,21.9%,43.7%,25.6%,12.2%,17.4%
HEALTH INSURANCE COVERAGE,              With public coverage,43.7%,43.6%,49.2%,57.0%,51.0%,46.4%,39.2%,38.9%,72.7%,27.4%,50.8%,22.7%,60.8%,54.0%,39.3%,12.1%,45.8%,28.9%,36.3%,40.9%,56.2%,33.3%,51.9%,43.7%,44.4%,64.2%,54.6%
HEALTH INSURANCE COVERAGE,            No health insurance coverage,33.4%,29.7%,35.4%,36.9%,32.5%,24.3%,33.3%,37.7%,11.1%,53.0%,47.1%,39.2%,34.0%,39.5%,39.4%,87.9%,34.0%,34.5%,33.4%,40.2%,24.1%,33.1%,26.2%,16.0%,32.4%,26.6%,33.1%
HEALTH INSURANCE COVERAGE,        Not in labor force:,"327,052","97,710","10,286","4,442","1,961","7,139","31,647","7,138","4,657","10,153","3,756","2,048","4,385","15,999","9,395","1,607","8,521","3,293","21,569","21,009","7,068","20,056","1,711","4,117","5,449","3,182","14,037"
HEALTH INSURANCE COVERAGE,          With health insurance coverage,81.6%,85.1%,78.9%,75.4%,87.6%,79.3%,81.9%,86.6%,91.8%,71.8%,89.0%,92.1%,75.4%,62.9%,86.1%,94.2%,80.1%,78.2%,82.6%,74.9%,81.1%,79.9%,83.5%,85.5%,87.5%,90.0%,85.0%
HEALTH INSURANCE COVERAGE,            With private health insurance,40.4%,44.5%,33.3%,27.0%,43.6%,41.6%,41.0%,47.6%,46.9%,39.5%,53.2%,85.4%,22.5%,11.9%,45.5%,25.1%,34.0%,45.3%,49.0%,33.7%,34.2%,50.5%,31.9%,37.1%,36.7%,23.1%,37.1%
HEALTH INSURANCE COVERAGE,            With public coverage,48.2%,47.8%,51.2%,56.4%,58.7%,47.5%,47.0%,47.8%,57.6%,36.4%,45.4%,14.6%,58.2%,52.9%,49.7%,76.5%,50.3%,40.8%,41.4%,45.4%,57.8%,37.0%,66.5%,54.0%,62.9%,69.8%,55.4%
HEALTH INSURANCE COVERAGE,          No health insurance coverage,18.4%,14.9%,21.1%,24.6%,12.4%,20.7%,18.1%,13.4%,8.2%,28.2%,11.0%,7.9%,24.6%,37.1%,13.9%,5.8%,19.9%,21.8%,17.4%,25.1%,18.9%,20.1%,16.5%,14.5%,12.5%,10.0%,15.0%
PERCENTAGE OF FAMILIES AND PEOPLE WHOSE INCOME IN THE PAST 12 MONTHS IS BELOW THE POVERTY LEVEL,    All families,15.6%,13.4%,16.7%,24.3%,18.5%,19.5%,22.0%,10.9%,16.0%,12.5%,10.4%,2.7%,28.8%,32.3%,16.2%,14.9%,20.0%,22.0%,10.7%,16.3%,22.6%,10.0%,14.1%,15.2%,15.0%,20.8%,17.5%
PERCENTAGE OF FAMILIES AND PEOPLE WHOSE INCOME IN THE PAST 12 MONTHS IS BELOW THE POVERTY LEVEL,      With related children of the householder under 18 years,24.6%,21.7%,25.1%,33.7%,37.5%,28.2%,34.3%,16.6%,31.6%,19.0%,18.7%,4.6%,42.8%,40.9%,27.1%,34.2%,28.5%,34.6%,15.6%,24.2%,37.7%,17.5%,31.6%,25.6%,21.9%,31.2%,26.5%
PERCENTAGE OF FAMILIES AND PEOPLE WHOSE INCOME IN THE PAST 12 MONTHS IS BELOW THE POVERTY LEVEL,        With related children of the householder under 5 years only,25.0%,20.3%,26.5%,26.3%,59.8%,34.4%,36.2%,22.5%,22.5%,20.2%,9.2%,8.9%,27.9%,44.5%,21.7%,32.6%,21.2%,54.2%,21.0%,19.4%,47.7%,14.3%,65.5%,49.2%,14.2%,30.7%,30.0%
PERCENTAGE OF FAMILIES AND PEOPLE WHOSE INCOME IN THE PAST 12 MONTHS IS BELOW THE POVERTY LEVEL,    Married couple families,8.8%,6.9%,9.6%,12.8%,11.2%,8.7%,13.9%,5.5%,6.4%,7.3%,7.0%,1.3%,18.2%,22.2%,10.0%,5.9%,13.1%,13.2%,5.8%,9.1%,7.9%,5.8%,9.4%,10.4%,12.6%,9.8%,11.9%
PERCENTAGE OF FAMILIES AND PEOPLE WHOSE INCOME IN THE PAST 12 MONTHS IS BELOW THE POVERTY LEVEL,      With related children of the householder under 18 years,13.5%,11.1%,15.5%,18.1%,28.1%,14.0%,22.5%,7.3%,12.4%,11.0%,8.5%,1.5%,23.8%,26.0%,15.8%,12.9%,14.7%,19.3%,8.1%,12.6%,9.0%,10.1%,20.7%,12.8%,18.2%,9.5%,17.9%
PERCENTAGE OF FAMILIES AND PEOPLE WHOSE INCOME IN THE PAST 12 MONTHS IS BELOW THE POVERTY LEVEL,        With related children of the householder under 5 years only,11.0%,5.9%,6.5%,6.2%,64.2%,16.6%,25.9%,10.4%,0.0%,11.4%,2.5%,0.0%,3.2%,32.1%,5.9%,56.3%,3.2%,20.2%,6.5%,10.6%,12.3%,6.1%,50.0%,0.0%,14.1%,0.0%,29.9%
PERCENTAGE OF FAMILIES AND PEOPLE WHOSE INCOME IN THE PAST 12 MONTHS IS BELOW THE POVERTY LEVEL,"    Families with female householder, no husband present",35.2%,31.7%,35.8%,37.7%,36.0%,49.7%,45.0%,31.6%,40.2%,34.1%,35.4%,16.1%,51.8%,44.9%,39.1%,29.3%,31.6%,55.1%,30.3%,33.1%,48.0%,23.8%,31.6%,27.1%,27.0%,51.0%,32.9%
PERCENTAGE OF FAMILIES AND PEOPLE WHOSE INCOME IN THE PAST 12 MONTHS IS BELOW THE POVERTY LEVEL,      With related children of the householder under 18 years,44.9%,40.8%,44.3%,44.9%,56.2%,56.2%,56.4%,41.7%,53.0%,46.2%,52.2%,24.2%,64.7%,54.4%,53.1%,37.6%,37.8%,78.6%,35.7%,43.4%,60.1%,30.6%,52.7%,35.9%,34.5%,64.4%,41.2%
PERCENTAGE OF FAMILIES AND PEOPLE WHOSE INCOME IN THE PAST 12 MONTHS IS BELOW THE POVERTY LEVEL,        With related children of the householder under 5 years only,52.2%,48.8%,50.5%,54.2%,87.4%,75.6%,54.6%,65.2%,43.3%,57.9%,89.5%,68.8%,92.6%,53.7%,56.2%,25.0%,47.5%,97.7%,44.0%,37.7%,55.8%,32.1%,94.0%,93.8%,38.6%,75.3%,32.1%
POPULATION,    All people,20.6%,18.0%,21.2%,28.5%,23.5%,22.5%,27.9%,14.6%,22.0%,16.1%,15.4%,5.1%,31.8%,37.5%,21.4%,21.6%,26.4%,27.5%,14.7%,20.8%,30.9%,14.4%,21.2%,26.6%,21.3%,27.1%,22.0%
POPULATION,      Under 18 years,29.1%,25.5%,30.9%,40.2%,35.0%,34.2%,41.0%,20.3%,32.0%,22.3%,17.5%,5.4%,42.5%,45.7%,32.5%,37.2%,33.2%,37.8%,19.4%,27.4%,39.8%,22.0%,33.4%,35.8%,28.0%,32.0%,29.1%
POPULATION,        Related children of the householder under 18 years,28.8%,25.1%,30.7%,40.0%,34.5%,33.9%,40.3%,19.7%,32.1%,22.2%,17.5%,5.4%,42.5%,45.7%,32.0%,36.9%,33.1%,37.8%,19.2%,27.3%,39.8%,21.8%,33.0%,35.6%,27.8%,31.8%,29.1%
POPULATION,          Related children of the householder under 5 years,32.6%,28.9%,38.1%,38.8%,50.5%,41.8%,43.0%,26.4%,32.0%,24.4%,8.9%,7.7%,46.7%,45.0%,29.1%,41.8%,32.6%,47.6%,25.0%,27.9%,60.1%,27.0%,48.6%,49.8%,21.5%,42.5%,35.7%
POPULATION,          Related children of the householder 5 to 17 years,27.4%,23.8%,28.1%,40.5%,28.5%,30.3%,39.3%,17.1%,32.1%,21.4%,20.4%,4.7%,40.8%,46.0%,33.2%,35.2%,33.3%,33.5%,17.4%,27.1%,32.9%,20.1%,26.8%,33.4%,29.8%,28.6%,27.1%
POPULATION,      18 years and over,17.9%,15.7%,17.5%,24.5%,20.8%,18.3%,23.3%,12.6%,19.3%,13.3%,15.0%,5.0%,27.8%,34.1%,17.7%,17.2%,24.3%,24.0%,13.2%,18.2%,28.6%,12.5%,18.9%,23.8%,19.7%,25.8%,19.7%
POPULATION,        18 to 64 years,19.4%,17.1%,18.2%,27.5%,23.0%,19.6%,26.0%,13.1%,23.7%,13.7%,18.2%,4.9%,31.3%,35.1%,19.3%,22.2%,25.6%,25.8%,13.8%,19.2%,31.8%,14.0%,25.1%,26.8%,20.5%,27.4%,22.2%
POPULATION,        65 years and over,11.9%,10.0%,14.9%,13.0%,16.0%,11.1%,12.3%,10.2%,9.3%,11.2%,8.6%,5.4%,19.0%,28.3%,11.9%,6.1%,19.7%,15.9%,11.1%,14.0%,18.8%,8.5%,9.6%,14.2%,17.9%,21.2%,10.7%
POPULATION,    People in families,18.0%,15.2%,18.7%,25.8%,19.5%,21.4%,25.7%,12.1%,17.7%,14.5%,10.8%,2.9%,29.5%,35.6%,19.8%,19.5%,22.4%,24.6%,12.6%,18.2%,25.1%,12.1%,16.4%,18.1%,16.6%,24.3%,19.3%
